{"format": "layers-model", "generatedBy": "keras v2.7.0", "convertedBy": "TensorFlow.js Converter v3.13.0", "modelTopology": {"keras_version": "2.7.0", "backend": "tensorflow", "model_config": {"class_name": "Sequential", "config": {"name": "sequential_12", "layers": [{"class_name": "InputLayer", "config": {"batch_input_shape": [null, 28, 28, 1], "dtype": "float32", "sparse": false, "ragged": false, "name": "conv2d_9_input"}}, {"class_name": "Conv2D", "config": {"name": "conv2d_9", "trainable": true, "batch_input_shape": [null, 28, 28, 1], "dtype": "float32", "filters": 8, "kernel_size": [3, 3], "strides": [1, 1], "padding": "valid", "data_format": "channels_last", "dilation_rate": [1, 1], "groups": 1, "activation": "relu", "use_bias": true, "kernel_initializer": {"class_name": "GlorotUniform", "config": {"seed": null}}, "bias_initializer": {"class_name": "Zeros", "config": {}}, "kernel_regularizer": null, "bias_regularizer": null, "activity_regularizer": null, "kernel_constraint": null, "bias_constraint": null}}, {"class_name": "MaxPooling2D", "config": {"name": "max_pooling2d_6", "trainable": true, "dtype": "float32", "pool_size": [2, 2], "padding": "valid", "strides": [2, 2], "data_format": "channels_last"}}, {"class_name": "Conv2D", "config": {"name": "conv2d_10", "trainable": true, "dtype": "float32", "filters": 16, "kernel_size": [3, 3], "strides": [1, 1], "padding": "valid", "data_format": "channels_last", "dilation_rate": [1, 1], "groups": 1, "activation": "relu", "use_bias": true, "kernel_initializer": {"class_name": "GlorotUniform", "config": {"seed": null}}, "bias_initializer": {"class_name": "Zeros", "config": {}}, "kernel_regularizer": null, "bias_regularizer": null, "activity_regularizer": null, "kernel_constraint": null, "bias_constraint": null}}, {"class_name": "MaxPooling2D", "config": {"name": "max_pooling2d_7", "trainable": true, "dtype": "float32", "pool_size": [2, 2], "padding": "valid", "strides": [2, 2], "data_format": "channels_last"}}, {"class_name": "Flatten", "config": {"name": "flatten_1", "trainable": true, "dtype": "float32", "data_format": "channels_last"}}, {"class_name": "Dense", "config": {"name": "dense", "trainable": true, "dtype": "float32", "units": 128, "activation": "relu", "use_bias": true, "kernel_initializer": {"class_name": "GlorotUniform", "config": {"seed": null}}, "bias_initializer": {"class_name": "Zeros", "config": {}}, "kernel_regularizer": null, "bias_regularizer": null, "activity_regularizer": null, "kernel_constraint": null, "bias_constraint": null}}, {"class_name": "Dense", "config": {"name": "dense_1", "trainable": true, "dtype": "float32", "units": 10, "activation": "softmax", "use_bias": true, "kernel_initializer": {"class_name": "GlorotUniform", "config": {"seed": null}}, "bias_initializer": {"class_name": "Zeros", "config": {}}, "kernel_regularizer": null, "bias_regularizer": null, "activity_regularizer": null, "kernel_constraint": null, "bias_constraint": null}}]}}, "training_config": {"loss": "categorical_crossentropy", "metrics": [[{"class_name": "MeanMetricWrapper", "config": {"name": "accuracy", "dtype": "float32", "fn": "categorical_accuracy"}}]], "weighted_metrics": null, "loss_weights": null, "optimizer_config": {"class_name": "Adam", "config": {"name": "Adam", "learning_rate": 0.0010000000474974513, "decay": 0.0, "beta_1": 0.8999999761581421, "beta_2": 0.9990000128746033, "epsilon": 1e-07, "amsgrad": false}}}}, "weightsManifest": [{"paths": ["group1-shard1of1.bin"], "weights": [{"name": "conv2d_10/kernel", "shape": [3, 3, 8, 16], "dtype": "float32"}, {"name": "conv2d_10/bias", "shape": [16], "dtype": "float32"}, {"name": "conv2d_9/kernel", "shape": [3, 3, 1, 8], "dtype": "float32"}, {"name": "conv2d_9/bias", "shape": [8], "dtype": "float32"}, {"name": "dense/kernel", "shape": [400, 128], "dtype": "float32"}, {"name": "dense/bias", "shape": [128], "dtype": "float32"}, {"name": "dense_1/kernel", "shape": [128, 10], "dtype": "float32"}, {"name": "dense_1/bias", "shape": [10], "dtype": "float32"}]}]}